date,meigen
2020-12-16,天気なんて、狂ったままでいいんだ！,https://www.google.com/search?q=天気なんて、狂ったままでいいんだ！
2020-12-17,ずっと誰かを…誰かを、探していた！,https://www.google.com/search?q=ずっと誰かを…誰かを、探していた！
2020-12-14,天気なんて、狂ったままでいいんだ！,<a href='https://www.google.com/search?q=天気なんて、狂ったままでいいんだ！'></a>
2020-12-23,ずっと誰かを…誰かを、探していた！,
2020-12-03,天気なんて、狂ったままでいいんだ！,
2020-12-18,ずっと誰かを…誰かを、探していた！,<a href='https://www.google.com/search?q=ずっと誰かを…誰かを、探していた！'></a>
2020-12-30,ずっと誰かを…誰かを、探していた！,<a href="https://www.google.com/search?q=ずっと誰かを…誰かを、探していた！"></a>
2020-12-07,天気なんて、狂ったままでいいんだ！,<a href="https://www.google.com/search?q=天気なんて、狂ったままでいいんだ！"></a>
2020-12-02,天気なんて、狂ったままでいいんだ！,<a href="https://www.google.com/search?q=天気なんて、狂ったままでいいんだ！"></a>
2020-12-03,ずっと誰かを…誰かを、探していた！,<a href="https://www.google.com/search?q=ずっと誰かを…誰かを、探していた！">ずっと誰かを…誰かを、探していた！リンク</a>
2020-12-15,天気なんて、狂ったままでいいんだ！,<a href="https://www.google.com/search?q=天気なんて、狂ったままでいいんだ！">天気なんて、狂ったままでいいんだ！リンク</a>
2020-12-15,天気なんて、狂ったままでいいんだ！,<a href="https://www.google.com/search?q=天気なんて、狂ったままでいいんだ！">天気なんて、狂ったままでいいんだ！リンク</a>
2020-12-25,天気なんて、狂ったままでいいんだ！,<a href="https://www.google.com/search?q=天気なんて、狂ったままでいいんだ！">天気なんて、狂ったままでいいんだ！リンク</a>
2020-12-15,ずっと誰かを…誰かを、探していた！,<a href="https://www.google.com/search?q=ずっと誰かを…誰かを、探していた！">検索：ずっと誰かを…誰かを、探していた！</a>
2020-12-17,ずっと誰かを…誰かを、探していた！,<a href="https://www.google.com/search?q=ずっと誰かを…誰かを、探していた！">検索：ずっと誰かを…誰かを、探していた！</a>
2020-12-09,天気なんて、狂ったままでいいんだ！,<a href="https://www.google.com/search?q=天気なんて、狂ったままでいいんだ！">検索：天気なんて、狂ったままでいいんだ！</a>
2020-12-02,ずっと誰かを…誰かを、探していた！,<a href="https://www.google.com/search?q=ずっと誰かを…誰かを、探していた！">検索：ずっと誰かを…誰かを、探していた！</a>
2020-12-16,ずっと誰かを…誰かを、探していた！,<a href="https://www.google.com/search?q=ずっと誰かを…誰かを、探していた！">検索：ずっと誰かを…誰かを、探していた！</a>
2020-12-24,ずっと誰かを…誰かを、探していた！,<a href="https://www.google.com/search?q=ずっと誰かを…誰かを、探していた！">検索：ずっと誰かを…誰かを、探していた！</a>
2020-12-16,ずっと誰かを…誰かを、探していた！,<a href="https://www.google.com/search?q=ずっと誰かを…誰かを、探していた！">検索：ずっと誰かを…誰かを、探していた！</a>
2020-12-02,天気なんて、狂ったままでいいんだ！,<a href="https://www.google.com/search?q=天気なんて、狂ったままでいいんだ！">検索：天気なんて、狂ったままでいいんだ！</a>
2020-12-09,天気なんて、狂ったままでいいんだ！,<a href="https://www.google.com/search?q=天気なんて、狂ったままでいいんだ！">検索：天気なんて、狂ったままでいいんだ！</a>
2020-12-23,ずっと誰かを…誰かを、探していた！,<a href="https://www.google.com/search?q=ずっと誰かを…誰かを、探していた！">検索：ずっと誰かを…誰かを、探していた！</a>
2020-12-02,天気なんて、狂ったままでいいんだ！,<a href="https://www.google.com/search?q=天気なんて、狂ったままでいいんだ！">検索：天気なんて、狂ったままでいいんだ！</a>
2020-12-09,ずっと誰かを…誰かを、探していた！,<a href="https://www.google.com/search?q=ずっと誰かを…誰かを、探していた！">検索：ずっと誰かを…誰かを、探していた！</a>
2020-12-24,ずっと誰かを…誰かを、探していた！,<a href="https://www.google.com/search?q=ずっと誰かを…誰かを、探していた！">検索：ずっと誰かを…誰かを、探していた！</a>
